site_name,E,LU,YZ,RV,IT,AO,OW,GW,FY,KP
ay,233,207,202,156,157,212,165,226,155,175
Vb,230,225,219,271,166,307,313,254,259,213
Iw,54,167,309,249,203,297,240,176,201,181
iq,190,227,245,211,246,220,177,104,261,188
r2,220,289,142,228,157,163,215,195,227,157
ls,249,190,183,208,146,241,159,285,182,283
Cf,342,173,288,160,144,202,257,329,266,322
Cd,160,273,203,245,205,190,213,321,237,229
Lh,247,197,124,339,192,167,214,189,141,191
h7,199,263,179,186,220,237,222,227,207,219
NU,258,259,258,253,143,184,219,245,177,284
Qg,219,137,256,217,248,115,233,195,254,253
Sl,200,305,173,215,264,210,223,231,140,201
hn,321,230,220,262,182,226,241,228,122,296
Aa,274,274,246,253,248,318,219,248,193,297
cs,189,164,133,223,245,221,222,182,152,133
HY,132,219,181,162,164,131,285,217,370,227
T8,235,204,305,158,205,202,228,198,282,154
jy,297,220,214,160,196,201,151,281,161,209
j2,216,193,200,213,283,158,243,179,207,231
Q6,153,231,172,186,170,206,230,218,164,145
Bg,208,202,207,182,197,283,251,228,185,192
kl,130,289,144,306,278,254,163,218,153,193
a4,215,137,149,202,199,261,240,261,231,237
e5,247,239,151,167,120,192,128,173,252,250
Z5,160,247,145,232,205,291,187,247,165,311
bh,172,180,232,182,241,173,256,198,189,271
Of,199,211,131,209,201,181,197,249,165,200
GZ,248,217,151,245,231,249,204,227,259,238
Rk,251,197,178,276,153,141,263,176,223,153
Kv,157,214,255,142,169,187,229,244,174,118
y6,196,174,227,161,209,262,115,194,118,250
cx,213,186,188,290,185,114,168,238,228,191
V7,274,268,179,189,267,161,215,208,242,218
EM,172,91,129,329,208,321,282,266,285,238
u9,340,238,157,197,254,289,139,258,263,173
Ml,217,232,127,261,235,199,286,245,216,133
Lu,292,234,196,215,258,194,284,139,258,195
MV,188,277,138,245,108,207,192,128,141,203
Dw,169,269,115,214,189,243,146,258,225,134
Tf,239,272,149,193,317,236,203,96,169,161
tx,246,237,117,211,145,209,161,343,174,222
AR,168,153,209,181,271,138,158,184,230,196
Rn,200,244,324,189,138,247,175,204,244,156
Sa,146,204,154,240,282,208,156,249,266,234
fo,228,60,213,255,212,93,290,214,225,215
s6,226,244,164,121,236,178,190,227,233,246
Mg,232,267,159,223,236,261,221,229,160,248
Wu,304,134,191,139,249,106,280,261,187,273
Op,162,193,215,187,202,220,252,139,260,251
Vh,259,180,219,215,203,204,210,234,142,196
Qu,214,286,207,296,202,281,277,222,193,244
Ve,229,188,189,197,174,224,183,214,165,312
Jo,194,217,216,212,136,206,226,143,190,217
h8,134,148,220,190,150,247,217,224,151,231
Au,254,217,212,228,194,171,172,178,229,302
W8,250,193,218,197,114,216,230,200,317,182
rt,175,185,228,234,159,176,226,228,193,289
Ez,224,247,206,216,146,252,296,235,244,234
Ov,297,141,231,225,211,264,258,166,155,64
o8,239,203,171,236,207,260,119,167,157,255
f1,241,213,267,207,284,257,178,311,264,220
in,86,178,351,242,99,300,117,110,184,228
Q5,220,251,191,125,241,183,208,323,151,165
s5,271,240,191,195,245,199,118,255,177,207
A6,277,154,193,237,314,257,239,313,314,129
iu,249,256,170,262,228,195,105,191,230,260
My,109,218,173,263,186,201,230,270,194,230
Z4,173,235,176,251,190,258,148,244,211,213
Ld,213,198,266,223,180,151,243,237,202,209
Hn,254,219,217,277,210,188,213,259,251,185
Mp,339,193,156,152,237,226,168,342,252,156
C7,233,182,252,191,167,251,168,242,262,144
Up,216,194,189,262,176,157,213,225,259,134
DU,192,215,176,84,177,222,296,238,233,245
f8,136,246,299,227,79,241,191,200,173,177
NP,195,157,206,159,186,221,201,225,221,225
S2,196,288,241,224,225,190,186,246,308,156
d7,239,228,300,263,195,199,286,137,232,201
Si,209,211,217,291,199,225,241,153,181,180
iz,251,239,145,173,192,228,194,216,152,195
EF,314,150,252,274,247,192,204,262,179,224
Q9,141,169,246,212,246,125,206,238,213,241
R6,165,183,241,250,235,325,226,202,242,207
H1,227,223,267,295,213,155,253,264,151,248
de,163,289,281,241,225,167,156,304,213,315
O9,180,228,213,136,178,277,228,279,115,266
cv,220,266,238,263,241,302,94,183,189,124
hi,201,209,233,178,233,187,189,247,199,242
Mx,212,150,202,241,158,300,292,208,199,189
c4,246,176,166,182,207,146,240,212,210,213
k7,170,305,245,219,236,159,198,210,251,289
Hw,102,65,250,280,189,206,315,275,156,270
u6,111,227,201,212,169,202,135,171,146,232
JS,313,255,177,118,150,232,289,171,195,243
er,205,199,285,206,221,276,144,278,146,232
Ss,277,208,216,136,187,260,221,219,235,200
wz,251,199,150,125,235,237,168,194,179,254
Vl,163,217,207,197,166,217,179,126,311,180
py,202,201,207,250,240,229,163,204,251,296
