site_name,bandwidth
ay,2639360
Vb,1698820
Iw,2373350
iq,3152535
r2,1943767
ls,1938325
Cf,1920714
Cd,1965974
Lh,2086264
h7,2288115
NU,2270309
Qg,2396919
Sl,2095467
hn,1967007
Aa,2211512
cs,2257520
HY,2033334
T8,2485892
jy,1990997
j2,2678824
Q6,1763009
Bg,1994162
kl,2108519
a4,2275379
e5,2546337
Z5,2271862
bh,2249019
Of,2391364
GZ,1956570
Rk,2385737
Kv,2330182
y6,1942522
cx,1908294
V7,2304399
EM,2204597
u9,2826869
Ml,2300170
Lu,2282669
MV,2342657
Dw,1962825
Tf,2408784
tx,2179552
AR,2398715
Rn,2427607
Sa,2081517
fo,2153269
s6,1978757
Mg,2680945
Wu,2326664
Op,2227897
Vh,1984552
Qu,2318990
Ve,2171665
Jo,2310519
h8,2540992
Au,2115309
W8,2382092
rt,2564540
Ez,2137842
Ov,1851970
o8,2669409
f1,2333714
in,2154915
Q5,2209987
s5,2441397
A6,2158412
iu,2219450
My,2441814
Z4,2662357
Ld,1922679
Hn,2311055
Mp,2441829
C7,2021565
Up,2570850
DU,2172610
f8,1855187
NP,2520985
S2,2384317
d7,2559614
Si,2301360
iz,2306664
EF,2417230
Q9,2367024
R6,2462645
H1,2465380
de,2297932
O9,2305114
cv,2644414
hi,2160132
Mx,1998674
c4,1990710
k7,2097164
Hw,2211872
u6,2484502
JS,2197145
er,2767522
Ss,2261677
wz,2068170
Vl,2252187
py,1966625
